category,datetime,headline,id,image,related,source,summary,url
company,1704205803,Why Axon Enterprise (AXON) is a Top Stock for the Long-Term,124812522,https://media.zenfs.com/en/zacks.com/46ebfcbff417ac1bbde85ad33fa0d4be,AXON,Yahoo,"Finding strong, market-beating stocks with a positive earnings outlook becomes easier with the Focus List, a top feature of the Zacks Premium portfolio service.",https://finnhub.io/api/news?id=9d47453047f31a255f078330a49e2b20fccae73066b97d615f8d03f264de3011
company,1704171120,"Axon price target raised by $49 at Barclays, here's why",124819998,,AXON,Thefly.com,Looking for stock market analysis and research with proves results? Zacks.com offers in-depth financial research with over 30years of proven results.,https://finnhub.io/api/news?id=353da6fb0bb6b30e0394247ef9784797963d55c696aa5a5e0a1c20fb999af68d
company,1704322820,Axon Enterprise (AXON) Falls More Steeply Than Broader Market: What Investors Need to Know,124848546,https://media.zenfs.com/en/zacks.com/2f0d6efdd8740952a371c97ddea6e926,AXON,Yahoo,"In the most recent trading session, Axon Enterprise (AXON) closed at $247.43, indicating a -1.67% shift from the previous trading day.",https://finnhub.io/api/news?id=c72f0c1a37db76ae454ddf8f973affd0f409afa9940495816d1cc646a58c0b42
company,1704246420,"Apple may be overvalued, Baird says; Snowflake, MongoDB among top picks",124833648,,AXON,Seeking Alpha,Looking for stock market analysis and research with proves results? Zacks.com offers in-depth financial research with over 30years of proven results.,https://finnhub.io/api/news?id=2205d706f408f8cee7d9da2cbcef2a5f34d2e1a30b8137c8a41fe13c9d1e1dee
company,1704339120,The Investor’s Guide to Earnings Season,124860388,,AXON,InvestorPlace,Looking for stock market analysis and research with proves results? Zacks.com offers in-depth financial research with over 30years of proven results.,https://finnhub.io/api/news?id=cc128937a4a11f7e6c880903a83311f17c27e501deb47e3c5bfcc20b0aac3457
company,1704463206,"Axon Enterprise, Inc (AXON) is Attracting Investor Attention: Here is What You Should Know",124881749,,AXON,Yahoo,"Axon (AXON) has received quite a bit of attention from Zacks.com users lately. Therefore, it is wise to be aware of the facts that can impact the stock's prospects.",https://finnhub.io/api/news?id=1d6ccb685ef22b652721d86759d7e27665b09d127c4b8ee74a709fd775e926a0
company,1704696960,"Axon price target raised by $20 at JPMorgan, here's why",124925418,,AXON,Thefly.com,Looking for stock market analysis and research with proves results? Zacks.com offers in-depth financial research with over 30years of proven results.,https://finnhub.io/api/news?id=5ed3e9dc4cd2a494c11517059606494d7b6edc315a366ce3317636c287391602
company,1704683160,The Secret to Spotting Earnings Moves Ahead of the Market,124974223,,AXON,InvestorPlace,Looking for stock market analysis and research with proves results? Zacks.com offers in-depth financial research with over 30years of proven results.,https://finnhub.io/api/news?id=7a16e9c09f81ed9653160343def3676736f0eabd28530c3a306b7ae03bea98fc
company,1704771120,Hedge Funds Will Do Anything for This Research,124974221,,AXON,InvestorPlace,Looking for stock market analysis and research with proves results? Zacks.com offers in-depth financial research with over 30years of proven results.,https://finnhub.io/api/news?id=84e4d1964add01e1d931bbf8ce560e11c090bf1c8ea3ce473bb951c199620153
company,1705047840,Q2 2023 Axon Enterprise Inc Earnings Call,125038640,,AXON,GuruFocus,Looking for stock market analysis and research with proves results? Zacks.com offers in-depth financial research with over 30years of proven results.,https://finnhub.io/api/news?id=491fc43f32dfbe98d927bb5156996d16d40dc2ec95ed8f116e5c97d4cda1dbc7
company,1705047840,Q1 2023 Axon Enterprise Inc Earnings Call,125038639,,AXON,GuruFocus,Looking for stock market analysis and research with proves results? Zacks.com offers in-depth financial research with over 30years of proven results.,https://finnhub.io/api/news?id=8e8297ce2034cf79781d8f8608aed0f63f58eade1e36469fb292ea82667d8c26
company,1705047840,Q4 2022 Axon Enterprise Inc Earnings Call,125038638,,AXON,GuruFocus,Looking for stock market analysis and research with proves results? Zacks.com offers in-depth financial research with over 30years of proven results.,https://finnhub.io/api/news?id=675cf6230af7927aba20e7d8c40865b0e8bf331b76212f1c033502117fb958b4
company,1705047840,Q3 2022 Axon Enterprise Inc Earnings Call,125038637,,AXON,GuruFocus,Looking for stock market analysis and research with proves results? Zacks.com offers in-depth financial research with over 30years of proven results.,https://finnhub.io/api/news?id=4039d429ba7830717f37e52dea5f3e142ab9de8f6b070531501d5d14c9c89256
company,1705047840,Q2 2022 Axon Enterprise Inc Earnings Call,125038636,,AXON,GuruFocus,Looking for stock market analysis and research with proves results? Zacks.com offers in-depth financial research with over 30years of proven results.,https://finnhub.io/api/news?id=7ea0cc160fa4a439f253a7ca4f7274adb45eca5f7650f5888c34b47778936e65
company,1705047840,Q1 2022 Axon Enterprise Inc Earnings Call,125038635,,AXON,GuruFocus,Looking for stock market analysis and research with proves results? Zacks.com offers in-depth financial research with over 30years of proven results.,https://finnhub.io/api/news?id=9b9f6899699efcbb2e5d531bc31f1784ff08896eab7d56f400e381492b67c212
company,1705047840,Q4 2021 Axon Enterprise Inc Earnings Call,125038634,,AXON,GuruFocus,Looking for stock market analysis and research with proves results? Zacks.com offers in-depth financial research with over 30years of proven results.,https://finnhub.io/api/news?id=17aa34a6bc952c53b0c0f68e347587ea151de0d32b6cc4cb1007c6f9ed4eddff
company,1705047840,Q3 2021 Axon Enterprise Inc Earnings Call,125038633,,AXON,GuruFocus,Looking for stock market analysis and research with proves results? Zacks.com offers in-depth financial research with over 30years of proven results.,https://finnhub.io/api/news?id=fe15591550e50295c6578c1d1d1e37d5c61afa4d929b66e7f884ec916482dd54
company,1705047840,Q2 2021 Axon Enterprise Inc Earnings Call,125038632,,AXON,GuruFocus,Looking for stock market analysis and research with proves results? Zacks.com offers in-depth financial research with over 30years of proven results.,https://finnhub.io/api/news?id=32fe2fc29fb0ca02ae5ba272f3fc2242a138f4f74fd9cfea217e854d0d5975e5
company,1705047840,Q1 2021 Axon Enterprise Inc Earnings Call,125038631,,AXON,GuruFocus,Looking for stock market analysis and research with proves results? Zacks.com offers in-depth financial research with over 30years of proven results.,https://finnhub.io/api/news?id=bc820723fade133b59c6a0a9beb1279f2ef5f414c917e27e2a4a82c24ae5b905
company,1705047840,Q4 2020 Axon Enterprise Inc Earnings Call,125038630,,AXON,GuruFocus,Looking for stock market analysis and research with proves results? Zacks.com offers in-depth financial research with over 30years of proven results.,https://finnhub.io/api/news?id=0590adbe74dac554ebbcce3ecda892fb0650cfa1a1a26f633b5a241c5dd8c619
company,1705047840,Q3 2020 Axon Enterprise Inc Earnings Call,125038629,,AXON,GuruFocus,Looking for stock market analysis and research with proves results? Zacks.com offers in-depth financial research with over 30years of proven results.,https://finnhub.io/api/news?id=db029c784a7f3a64162562f9e541d77a5ad0b577563541c029fd087943b3df0d
company,1705047840,Q2 2020 Axon Enterprise Inc Earnings Call,125038628,,AXON,GuruFocus,Looking for stock market analysis and research with proves results? Zacks.com offers in-depth financial research with over 30years of proven results.,https://finnhub.io/api/news?id=3ae069df629f95c47f7e0d6d627a386535764b901a3b2650415ed887c2a9819b
company,1705047840,Q1 2020 Axon Enterprise Inc Earnings Call,125038627,,AXON,GuruFocus,Looking for stock market analysis and research with proves results? Zacks.com offers in-depth financial research with over 30years of proven results.,https://finnhub.io/api/news?id=dffe2b2f2b692a59840e924685c780a63489a76959251f19112c094607b673b1
company,1705047840,Q4 2019 Axon Enterprise Inc Earnings Call,125038626,,AXON,GuruFocus,Looking for stock market analysis and research with proves results? Zacks.com offers in-depth financial research with over 30years of proven results.,https://finnhub.io/api/news?id=e280fab3f79d6f3f91b5a416ccd0a2822f0f4a056158ead33f95c5d438b672e6
company,1705047840,Q3 2019 Axon Enterprise Inc Earnings Call,125038625,,AXON,GuruFocus,Looking for stock market analysis and research with proves results? Zacks.com offers in-depth financial research with over 30years of proven results.,https://finnhub.io/api/news?id=ee615fa128ce2a4387327aa2c367ba70654c7570117382656fd8f26463701b17
company,1705047840,Q2 2019 Axon Enterprise Inc Earnings Call,125038624,,AXON,GuruFocus,Looking for stock market analysis and research with proves results? Zacks.com offers in-depth financial research with over 30years of proven results.,https://finnhub.io/api/news?id=186614482900ade7925c55cca659eb5d71d65f186f0e72f5ecf09e006f43432d
company,1705047840,Q1 2019 Axon Enterprise Inc Earnings Call,125038623,,AXON,GuruFocus,Looking for stock market analysis and research with proves results? Zacks.com offers in-depth financial research with over 30years of proven results.,https://finnhub.io/api/news?id=a35aab0324685a870745a836059518e5b3161b54aff0a0ab0f29af0a8f7cc6ee
company,1705047840,Q4 2018 Axon Enterprise Inc Earnings Call,125038622,,AXON,GuruFocus,Looking for stock market analysis and research with proves results? Zacks.com offers in-depth financial research with over 30years of proven results.,https://finnhub.io/api/news?id=a2487fb8398e19cdb2b8d73e546fe42d0e34597c723d45f23e5d41d65e50955f
company,1705047840,Q3 2023 Axon Enterprise Inc Earnings Call,125038621,,AXON,GuruFocus,Looking for stock market analysis and research with proves results? Zacks.com offers in-depth financial research with over 30years of proven results.,https://finnhub.io/api/news?id=9ced0ba5b8d8e8363aafe8ddfe94ed139bccdd10cbb3077a1c3078590d0e0eaf
company,1705315390,The Returns At Axon Enterprise (NASDAQ:AXON) Aren't Growing,125068480,https://media.zenfs.com/en/simply_wall_st__316/4a39ac79965dbdc4c586d12ea5141f62,AXON,Yahoo,"There are a few key trends to look for if we want to identify the next multi-bagger. In a perfect world, we'd like to...",https://finnhub.io/api/news?id=aeec92b09581d6a14c2e8b6d4a5193ee653f6487632401cdcdb85489cfc84e8a
company,1705403816,Over 18% Annual Return Potential: Axon May Be The Best Compounder In The Defense Industry,125087614,https://static.seekingalpha.com/cdn/s3/uploads/getty_images/1648677035/image_1648677035.jpg?io=getty-c-w1536,AXON,SeekingAlpha,Axon strives to enhance public safety with their advanced technology solutions for law enforcement agencies. Find out why I rate AXON stock a buy.,https://finnhub.io/api/news?id=85c39aa09e2ec47b92de3e1759147f15bc2cd939a77fc08e4ef18eb5de717e52
company,1705367640,"Agree To Buy Axon Enterprise At $200, Earn 10.6% Using Options",125089522,,AXON,Stock Options Channel,Looking for stock market analysis and research with proves results? Zacks.com offers in-depth financial research with over 30years of proven results.,https://finnhub.io/api/news?id=66fc607e4a65a201938aa6961e96e21d14227c87fa628d7258d4de657900a695
company,1705500006,"Axon Enterprise, Inc (AXON) Is a Trending Stock: Facts to Know Before Betting on It",125119093,https://media.zenfs.com/en/zacks.com/670d1917693293f70179651625deb88f,AXON,Yahoo,"Recently, Zacks.com users have been paying close attention to Axon (AXON). This makes it worthwhile to examine what the stock has in store.",https://finnhub.io/api/news?id=097b769c7715fcdc5d8fbad72a1345ebdeb5dc147cb7108c408fa65aa44bc0aa
company,1705618820,Axon Enterprise (AXON) Outpaces Stock Market Gains: What You Should Know,125148977,https://media.zenfs.com/en/zacks.com/03fca48475577988aa4e0db94f484b4e,AXON,Yahoo,"In the most recent trading session, Axon Enterprise (AXON) closed at $254.10, indicating a +1.43% shift from the previous trading day.",https://finnhub.io/api/news?id=ec599f17b8d131759ec9b7b7d967c5a91035b767a8d60f76e3365fc18077e5e0
company,1705548660,The AI Wars Are Coming,125142815,,AXON,InvestorPlace,Looking for stock market analysis and research with proves results? Zacks.com offers in-depth financial research with over 30years of proven results.,https://finnhub.io/api/news?id=6a642b465165d96fdb467445b538d2dac94d2b733c55f47d20b566c10327ecd5
company,1705665180,Recent conflicts spotlight aerospace/defense space; See the top 10 best recent performers,125173130,,AXON,Seeking Alpha,Looking for stock market analysis and research with proves results? Zacks.com offers in-depth financial research with over 30years of proven results.,https://finnhub.io/api/news?id=a202e1f53fbeff685400537fa2094fd3577b6505f6d43ebbd75934732c3c9aa0
company,1705737044,"indie Semiconductor: 50 Top Growth Stocks, These 3 Worth Considering",125193883,https://media.gettyimages.com/id/1478316499/photo/innovation-new-concept-ideas-with-innovations-hand-in-hand-with-future-lamp-technology-and.jpg?b=1&s=170667a&w=0&k=20&c=gLcGj4C4Hnuj9Qth-IWtD45yS5GFXzZfiL4nHYXteXY=,AXON,SeekingAlpha,"indie Semiconductor considering itâs benefiting from a massive secular trend, but has sold off hard this year. Explore more details here.",https://finnhub.io/api/news?id=80d1a546b7d443fba23f2f7da83f8328762937f8b28147524076314f8eb56391
company,1705897440,Q3 2023 Axon Enterprise Inc Earnings Call Transcript,125238803,,AXON,GuruFocus,Looking for stock market analysis and research with proves results? Zacks.com offers in-depth financial research with over 30years of proven results.,https://finnhub.io/api/news?id=044d988b16ff96273db2838d103b211730845859d2b230b399b5986b0c3e1458
company,1705897440,Axon Enterprise Inc at Goldman Sachs Communacopia + Technology Conference Transcript,125238802,,AXON,GuruFocus,Looking for stock market analysis and research with proves results? Zacks.com offers in-depth financial research with over 30years of proven results.,https://finnhub.io/api/news?id=0d94413d237a39b0a811452fd9a0a30e130add6084d34078ceb20d47d1ae1764
company,1705897440,Q2 2023 Axon Enterprise Inc Earnings Call Transcript,125238801,,AXON,GuruFocus,Looking for stock market analysis and research with proves results? Zacks.com offers in-depth financial research with over 30years of proven results.,https://finnhub.io/api/news?id=f5ca4d81bb6524bbb3972f8a7a370875804280bcf1aedd742e69fa3c278fb0d5
company,1705897440,"Axon Enterprise Inc at Robert W Baird Global Consumer, Technology & Services Conference ...",125238800,,AXON,GuruFocus,Looking for stock market analysis and research with proves results? Zacks.com offers in-depth financial research with over 30years of proven results.,https://finnhub.io/api/news?id=2c8b23036c332da18fb03d92e87ec2dcd2a9db376df14fe69e8e2b00488ef056
company,1705897440,Q1 2023 Axon Enterprise Inc Earnings Call Transcript,125238799,,AXON,GuruFocus,Looking for stock market analysis and research with proves results? Zacks.com offers in-depth financial research with over 30years of proven results.,https://finnhub.io/api/news?id=06ac9d4290a3bb414b2c4e89f0655fd0ca513db43936af3e6b941745ac95ca3b
company,1705897440,"Axon Enterprise Inc at Morgan Stanley Technology, Media & Telecom Conference Transcript",125238798,,AXON,GuruFocus,Looking for stock market analysis and research with proves results? Zacks.com offers in-depth financial research with over 30years of proven results.,https://finnhub.io/api/news?id=4956e97b8f89d6405770c99e6d470e8baf918863eb95a9a3e8b452481060d0a1
company,1705897440,Q4 2022 Axon Enterprise Inc Earnings Call Transcript,125238797,,AXON,GuruFocus,Looking for stock market analysis and research with proves results? Zacks.com offers in-depth financial research with over 30years of proven results.,https://finnhub.io/api/news?id=370bd2d143b5971e9aae34dad5d8e0003990a5843d6d1b35dec8c45c282df684
company,1705897440,Axon Enterprise Inc at Credit Suisse Technology Conference Transcript,125238796,,AXON,GuruFocus,Looking for stock market analysis and research with proves results? Zacks.com offers in-depth financial research with over 30years of proven results.,https://finnhub.io/api/news?id=5fc7a04678c074fc3f0bb61242215f265c67c3d2494ddb3be06f16d263400e6a
company,1705897440,Q3 2022 Axon Enterprise Inc Earnings Call Transcript,125238795,,AXON,GuruFocus,Looking for stock market analysis and research with proves results? Zacks.com offers in-depth financial research with over 30years of proven results.,https://finnhub.io/api/news?id=e8e358f189cbf3ae5a5ee3b5ed6b6cc9a7760b96238ac13ee6403d6ef2ce6c90
company,1705897440,Q2 2022 Axon Enterprise Inc Earnings Call Transcript,125238794,,AXON,GuruFocus,Looking for stock market analysis and research with proves results? Zacks.com offers in-depth financial research with over 30years of proven results.,https://finnhub.io/api/news?id=ffd4586ff97ad1de7d905def3fe5894dadc6fc489cfe18e02b29b289d24fb0fc
company,1705897440,Axon Enterprise Inc Annual Shareholders Meeting Transcript,125238793,,AXON,GuruFocus,Looking for stock market analysis and research with proves results? Zacks.com offers in-depth financial research with over 30years of proven results.,https://finnhub.io/api/news?id=58b2a4908600e9f0f04d6afcefa4e7f3aef89ad45f43b9b5c450a64cce0cb865
company,1705897440,Q1 2022 Axon Enterprise Inc Earnings Call Transcript,125238792,,AXON,GuruFocus,Looking for stock market analysis and research with proves results? Zacks.com offers in-depth financial research with over 30years of proven results.,https://finnhub.io/api/news?id=735e38898c8fa2c1b787b93680af6c035e1e838a3d47bf9d96516eee33b6004c
company,1705897440,Q4 2021 Axon Enterprise Inc Earnings Call Transcript,125238790,,AXON,GuruFocus,Looking for stock market analysis and research with proves results? Zacks.com offers in-depth financial research with over 30years of proven results.,https://finnhub.io/api/news?id=25cc5511ff81334a8c084f09457ea339da2eed4872b23dc1f22da688b1a40a9e
company,1705897440,Q3 2021 Axon Enterprise Inc Earnings Call Transcript,125238788,,AXON,GuruFocus,Looking for stock market analysis and research with proves results? Zacks.com offers in-depth financial research with over 30years of proven results.,https://finnhub.io/api/news?id=ea2b2bf6f3fa3f27512ecb5718d809ae456ce53475ffa851824b929fa5f20b68
company,1705897440,Q2 2021 Axon Enterprise Inc Earnings Call Transcript,125238787,,AXON,GuruFocus,Looking for stock market analysis and research with proves results? Zacks.com offers in-depth financial research with over 30years of proven results.,https://finnhub.io/api/news?id=cbaa96dde7837d1d0182e86baea829cc8e12d665f6cc0a5dba58c6d1df44ccc6
company,1705897440,Axon Enterprise Inc at William Blair Growth Stock Conference (Virtual) Transcript,125238785,,AXON,GuruFocus,Looking for stock market analysis and research with proves results? Zacks.com offers in-depth financial research with over 30years of proven results.,https://finnhub.io/api/news?id=99ae4ab1f7757e4c6e27520e77d71db7f63b5e2c8f45ac31aa8793b087bfc2ff
company,1705897440,"Axon Enterprise Inc at JPMorgan Global Technology, Media and Communications Conference ...",125238782,,AXON,GuruFocus,Looking for stock market analysis and research with proves results? Zacks.com offers in-depth financial research with over 30years of proven results.,https://finnhub.io/api/news?id=9f1e5a978f4ea57d0b1f7f16656e2b6a4a95b06e99060b7a0ab0ce38cb07d4ae
company,1705897440,Q1 2021 Axon Enterprise Inc Earnings Call Transcript,125238780,,AXON,GuruFocus,Looking for stock market analysis and research with proves results? Zacks.com offers in-depth financial research with over 30years of proven results.,https://finnhub.io/api/news?id=24b90edd16eedee278bfa82b1a6cc303de5df761ce699a31f252d7b656365e79
company,1705897440,"Axon Enterprise Inc at Morgan Stanley Technology, Media and Telecom Conference (Virtual) Transcript",125238779,,AXON,GuruFocus,Looking for stock market analysis and research with proves results? Zacks.com offers in-depth financial research with over 30years of proven results.,https://finnhub.io/api/news?id=ae030ecd541258afab40a60650c49d37d43ccdd5b77e78c183799d8ba78f85a0
company,1705897440,Q4 2020 Axon Enterprise Inc Earnings Call Transcript,125238778,,AXON,GuruFocus,Looking for stock market analysis and research with proves results? Zacks.com offers in-depth financial research with over 30years of proven results.,https://finnhub.io/api/news?id=05b313cf7430a90eb38052b2be40f9151550bb594e31bbdcc977a64e7cb599f1
company,1705897440,Axon Enterprise Inc at Raymond James Technology Investors Conference (Virtual) Transcript,125238777,,AXON,GuruFocus,Looking for stock market analysis and research with proves results? Zacks.com offers in-depth financial research with over 30years of proven results.,https://finnhub.io/api/news?id=fa33d92ef3d532a8f379318ae4ea3090af2a931490e7afda1683d7bffbbffbcb
company,1705897440,Q3 2020 Axon Enterprise Inc Earnings Call Transcript,125238776,,AXON,GuruFocus,Looking for stock market analysis and research with proves results? Zacks.com offers in-depth financial research with over 30years of proven results.,https://finnhub.io/api/news?id=0001299bc0377cb23272f8bbd403c4d6d8499841c047b55b04c58da64f2e9f8c
company,1705897440,Axon Enterprise Inc at Raymond James North American Equities Conference (Virtual) Transcript,125238775,,AXON,GuruFocus,Looking for stock market analysis and research with proves results? Zacks.com offers in-depth financial research with over 30years of proven results.,https://finnhub.io/api/news?id=fdb8929bbd1082b0b303f0e8c13c4dba3319460b7cc87ba2d86b004e9e9a2bed
company,1705897440,Q2 2020 Axon Enterprise Inc Earnings Call Transcript,125238774,,AXON,GuruFocus,Looking for stock market analysis and research with proves results? Zacks.com offers in-depth financial research with over 30years of proven results.,https://finnhub.io/api/news?id=98d90c2032e34dc320ddfc6b478757f200ed34cd531fc081db0a5b0b2033fd9f
company,1705897440,Axon Enterprise Inc at William Blair Growth Stock Conference Transcript,125238773,,AXON,GuruFocus,Looking for stock market analysis and research with proves results? Zacks.com offers in-depth financial research with over 30years of proven results.,https://finnhub.io/api/news?id=014463ca54929c565afa2ce39dfdbd48e8ec52baae875b5568cf6364dd75cafb
company,1705897440,"Axon Enterprise Inc at JPMorgan Technology, Media and Communications Conference (Virtual) Transcript",125238771,,AXON,GuruFocus,Looking for stock market analysis and research with proves results? Zacks.com offers in-depth financial research with over 30years of proven results.,https://finnhub.io/api/news?id=e36e1a996a9dcfd66c4223ccc0a215f35ba1e7c44ecfb5a2b73fef5773d94992
company,1705897440,Q1 2020 Axon Enterprise Inc Earnings Call Transcript,125238770,,AXON,GuruFocus,Looking for stock market analysis and research with proves results? Zacks.com offers in-depth financial research with over 30years of proven results.,https://finnhub.io/api/news?id=93a64f6b7a2e30a00f0a4bc2cad73ed9114ec439ae37bf9f5a99d6875b1857cf
company,1705897440,Q4 2019 Axon Enterprise Inc Earnings Call Transcript,125238769,,AXON,GuruFocus,Looking for stock market analysis and research with proves results? Zacks.com offers in-depth financial research with over 30years of proven results.,https://finnhub.io/api/news?id=80e402d5a58de7a09a52288af5cb74bef517a763246f6a59d2bc6c598af482f7
company,1705897440,Axon Enterprise Inc at Needham Growth Conference Transcript,125238768,,AXON,GuruFocus,Looking for stock market analysis and research with proves results? Zacks.com offers in-depth financial research with over 30years of proven results.,https://finnhub.io/api/news?id=d888716b0084981de5bde8eba5e4993027cd426bed75e6f267129cd4ff57269d
company,1705897440,Q3 2019 Axon Enterprise Inc Earnings Call Transcript,125238767,,AXON,GuruFocus,Looking for stock market analysis and research with proves results? Zacks.com offers in-depth financial research with over 30years of proven results.,https://finnhub.io/api/news?id=009c2c9a48d020d6a4a836776642932468b40fa382b5e18dbff2f85f19c64629
company,1705897440,Q2 2019 Axon Enterprise Inc Earnings Call Transcript,125238765,,AXON,GuruFocus,Looking for stock market analysis and research with proves results? Zacks.com offers in-depth financial research with over 30years of proven results.,https://finnhub.io/api/news?id=87e43cac032465cfce019183bfa43503e1bba9fcfc43f2f53e0885efa6e421da
company,1705897440,"Axon Enterprise Inc at JPMorgan Global Technology, Media and Communications Conference Transcript",125238764,,AXON,GuruFocus,Looking for stock market analysis and research with proves results? Zacks.com offers in-depth financial research with over 30years of proven results.,https://finnhub.io/api/news?id=fa870dd4d888fecb80638bf23ab968e3d031b5fe7b4db06410cc4ccf8ce419ec
company,1705897440,Q1 2019 Axon Enterprise Inc Earnings Call Transcript,125238763,,AXON,GuruFocus,Looking for stock market analysis and research with proves results? Zacks.com offers in-depth financial research with over 30years of proven results.,https://finnhub.io/api/news?id=c3e73179c9e43c75fffbbe73e4490ae7c7e3c19a8d61b77d77d6dce207f4b97a
company,1705897440,Q4 2018 Axon Enterprise Inc Earnings Call Transcript,125238761,,AXON,GuruFocus,Looking for stock market analysis and research with proves results? Zacks.com offers in-depth financial research with over 30years of proven results.,https://finnhub.io/api/news?id=f2d68f5fb852a169588e60c7d45644dc4d7ff3de9cf3af4cdda4fcee851a84de
company,1705897440,Axon Enterprise Inc at William Blair Public Safety Tech Virtual Conference Transcript,125238760,,AXON,GuruFocus,Looking for stock market analysis and research with proves results? Zacks.com offers in-depth financial research with over 30years of proven results.,https://finnhub.io/api/news?id=8039160905b3b967406e83a8cba41f5c9f9da017ed760c92ac022662599b3f74
company,1705989480,AXON Crosses Above Average Analyst Target,125305198,,AXON,ETF Channel,Looking for stock market analysis and research with proves results? Zacks.com offers in-depth financial research with over 30years of proven results.,https://finnhub.io/api/news?id=ed598aa4efb314cc211bec922db6eebac0eaf6857d20ee24cd25187b5fce4961
company,1706136617,Axon Enterprise (AXON) Stock Falls Amid Market Uptick: What Investors Need to Know,125292784,https://media.zenfs.com/en/zacks.com/b9775f315e7b6c4ada6e36d0048a929a,AXON,Yahoo,"Axon Enterprise (AXON) concluded the recent trading session at $251.24, signifying a -1.48% move from its prior day's close.",https://finnhub.io/api/news?id=2fd5f856cc01747ccace96a46dd436bae1f965d7716778d8b0d07e561e439fb8
company,1706096160,10 Industrials Stocks With Whale Alerts In Today's Session,125275862,,AXON,Benzinga,Looking for stock market analysis and research with proves results? Zacks.com offers in-depth financial research with over 30years of proven results.,https://finnhub.io/api/news?id=1b332fcf63dd5a1d07c8f922b94b1c0060881a0ad17def4e2b507b5bd8e0224b
company,1706198775,"Axon Launches Axon Body Workforce, New Body Camera To Protect Frontline Workers",125311854,,AXON,Finnhub,"Axon expands public safety technology to protect life in retail and healthcare settingsEarly trials in retail have resulted in a nearly 50% reduction of incident escalations, demonstrating effective...",https://finnhub.io/api/news?id=2ecd6deade72288786774bb0798630c74246323777e8bea3fc2349372fce4a6c
company,1706170440,Textron Inc's Meteoric Rise: Unpacking the 14% Surge in Just 3 Months,125305196,,AXON,GuruFocus,Looking for stock market analysis and research with proves results? Zacks.com offers in-depth financial research with over 30years of proven results.,https://finnhub.io/api/news?id=15fee0f44d2f0a1a7b3984462da1b25b1274a2eb8fe1283f269e2d02c457abfe
company,1706274025,Taser Stock Axon Enterprise Jolts To A High,125325155,,AXON,Yahoo,Taser maker Axon Enterprise stock recently reached a new high. Demand for its newest Taser model remains strong.,https://finnhub.io/api/news?id=02c5951e024fecf8fd2aea01ae596de3d994316843b93541ddcc600bf8a20590
company,1706426280,3 Major Market Moves to Expect if Trump Becomes President in 2024,125380888,,AXON,InvestorPlace,Looking for stock market analysis and research with proves results? Zacks.com offers in-depth financial research with over 30years of proven results.,https://finnhub.io/api/news?id=92ac64d93095a28d5011d4456e6cac7b9f72beb95a4b83a2787a03b323959dda
company,1706531328,"A Look At The Fair Value Of Axon Enterprise, Inc. (NASDAQ:AXON)",125374377,https://media.zenfs.com/en/simply_wall_st__316/4a39ac79965dbdc4c586d12ea5141f62,AXON,Yahoo,Key Insights The projected fair value for Axon Enterprise is US$275 based on 2 Stage Free Cash Flow to Equity With...,https://finnhub.io/api/news?id=ca4ec02e75aa6285c6699f030fe28600d45378d40ff4de6213dbb2cc8caff98a
company,1706498820,AI’s Dark Horses: 3 Underestimated Stocks in the AI Revolution,125387665,,AXON,InvestorPlace,Looking for stock market analysis and research with proves results? Zacks.com offers in-depth financial research with over 30years of proven results.,https://finnhub.io/api/news?id=9a3b6ba54d3a6f846216313b6365b661716d76f96c81da7b10ea1840e940bc34
company,1706655017,Here's Why Axon Enterprise (AXON) Fell More Than Broader Market,125425783,https://media.zenfs.com/en/zacks.com/ace7df31c7fcb10255abe7c990ea373a,AXON,Yahoo,"The latest trading day saw Axon Enterprise (AXON) settling at $254.25, representing a -0.19% change from its previous close.",https://finnhub.io/api/news?id=a4613283cded2b817d736a700d0ba3dda7a4ba2fdaea345e859f09c4b55ebf6d
company,1706644800,Baron Discovery Fund Q4 2023 Quarterly Letter,125418077,https://static.seekingalpha.com/cdn/s3/uploads/getty_images/1369763061/image_1369763061.jpg?io=getty-c-w1536,AXON,SeekingAlpha,"This past year was incredibly challenging but Baron Discovery Fund returned 22.58% in 2023, which was 3.92% better than the 18.66% return of the Russell 2000 Growth Index.",https://finnhub.io/api/news?id=a311d218cdee6729a8363e708e07ea7c14b208d8854fc0383e62e0bc64f7f4be
company,1706638699,7 Stocks to Sell In Case Donald Trump Loses in November,125535592,https://media.zenfs.com/en/investorplace_417/5b4dbff226856e901d3065c1e7dbdcc7,AXON,Yahoo,"Election season is upon us once again. While nothing has been officially sewn up just yet, it appears that President Joe Biden and former President Donald Trump are overwhelming favorites to secure their parties’ nominations once again. Assuming this comes to pass, it will set up a rematch of the 2020 presidential election. As of this writing, betting odds have Trump at about a 44% chance to win the presidency. Biden has about 33% odds of winning. And bettors have assigned a combined 23% chance",https://finnhub.io/api/news?id=dc087bb0ac8d87f5cc1c17a95457b391c2331a81e28ae374870c4b65eaa8de15
company,1706702640,Republican policy winner stocks by sectors - GS,125435244,,AXON,Seeking Alpha,Looking for stock market analysis and research with proves results? Zacks.com offers in-depth financial research with over 30years of proven results.,https://finnhub.io/api/news?id=4a235cbc3e2a4aa9df9fe7d642e88df7226f7087512258f83caac893ed2fcc8a
company,1706798649,Axon: Bringing AI To Law Enforcement Through Innovation,125457224,https://static.seekingalpha.com/cdn/s3/uploads/getty_images/1218948758/image_1218948758.jpg?io=getty-c-w1536,AXON,SeekingAlpha,Axon has built a foundation from which the business could grow for many years to come. Find out why AXON stock is a Buy.,https://finnhub.io/api/news?id=f036d59140d8a87de93ad34c4c111f284a6d16fa3a0f8fe2e2686af985db0c1a
company,1706788800,Axon Accelerates Real-Time Operations Solution with Strategic Acquisition of Fusus,125467145,https://media.zenfs.com/en/prnewswire.com/67f26fddbb68438e8e7f36fb60d6fd6a,AXON,Yahoo,"Axon (Nasdaq: AXON), the global leader in connected public safety technologies, announced today it has acquired Fusus, a global leader in real-time crime center (RTCC) technology. This news builds upon a successful strategic partnership launched in May 2022, marking a decisive leap forward in Axon's mission to Protect Life. This acquisition also further catalyzes Axon's growing presence in retail, healthcare, private security and the federal space.",https://finnhub.io/api/news?id=7af1288d9d67020dea599b8679a855818d4ad0983125faed55264ce873721805
company,1706774820,Craig-Hallum Remains a Buy on Axon Enterprise (AXON),125460934,,AXON,TipRanks,Looking for stock market analysis and research with proves results? Zacks.com offers in-depth financial research with over 30years of proven results.,https://finnhub.io/api/news?id=18482433892f8ac1449e9e2904d2a2a7ac7bcf6cf28ccd69bcad3249eb21b432
company,1706767800,Axon acquires Fusus,125463179,,AXON,Thefly.com,Looking for stock market analysis and research with proves results? Zacks.com offers in-depth financial research with over 30years of proven results.,https://finnhub.io/api/news?id=3bb6f54606bcd2d284d0c7ffad0a02e130479082b00de024f3784fc9390b1fbc
company,1706899212,"Axon, Stock Of The Day, Flashes Buy Signal As It Dives Into Retail",125499106,https://media.zenfs.com/en/ibd.com/4be26a978a61692568e28454f8b68e07,AXON,Yahoo,"Axon stock, the IBD Stock Of The Day, cleared an early entry as it targets a new customer segment: front line retail workers.",https://finnhub.io/api/news?id=368e6a191ef9d63c0d89fc15314a87af9ec4786ed08612ad648735334d91069a
company,1706849160,Strategic Acquisition Fuels Axon’s Growth in Public Safety Tech: A Buy Rating Review,125488081,,AXON,TipRanks,Looking for stock market analysis and research with proves results? Zacks.com offers in-depth financial research with over 30years of proven results.,https://finnhub.io/api/news?id=0e6ba40645fe1a87531e49aa0dbcee4ce0729b850336753435559fe1a325203f
company,1707173417,Axon Enterprise (AXON) Advances While Market Declines: Some Information for Investors,125547686,https://media.zenfs.com/en/zacks.com/3496571a811465d910e99bd171c71a94,AXON,Yahoo,"Axon Enterprise (AXON) closed the most recent trading day at $257.47, moving +0.19% from the previous trading session.",https://finnhub.io/api/news?id=4a0728af59980533441b7f71767f000753b09cf8c1ea95aded4f41c231b95e2d
company,1707148382,"Axon Makes 2 Announcements, TAM Expands $20B",125539343,,AXON,SeekingAlpha,,https://finnhub.io/api/news?id=f86658e4fd94ad4870886db62a1476d7bfb1699aa3efd584beb8f72a7304d819
company,1707198660,"Axon price target raised by $35 at JMP Securities, here's why",125584723,,AXON,Thefly.com,Looking for stock market analysis and research with proves results? Zacks.com offers in-depth financial research with over 30years of proven results.,https://finnhub.io/api/news?id=b56fcd4a715493340341d429a130c87353a3f24013a41289eff0ba605fcdebf1
company,1707309900,Stocks with expensive valuations vs their peers - BofA,125605378,,AXON,Seeking Alpha,Looking for stock market analysis and research with proves results? Zacks.com offers in-depth financial research with over 30years of proven results.,https://finnhub.io/api/news?id=444ec265406904be6c45f96ddad096ef4270a099230676691b97ee1f6d86425e
company,1707309540,7 Stocks to Buy to Outperform ‘The Magnificent Seven’,125618710,,AXON,InvestorPlace,Looking for stock market analysis and research with proves results? Zacks.com offers in-depth financial research with over 30years of proven results.,https://finnhub.io/api/news?id=fcec4dc842b7a2f0467e636e3031f4c1d5870c584fd7dd7d56d88a33090882ab
company,1707565193,13 Best Aerospace and Defense Stocks to Invest In,125744422,https://media.zenfs.com/en/insidermonkey.com/84bd8f6db29de4c2ed43af0e98a80ae8,AXON,Yahoo,"In this piece, we will take a look at the 13 best aerospace and defense stocks to invest in. If you want to skip our overview of the high technology aerospace and defense industry and how it’s shaped the modern day world, you can take a look at the 5 Best Aerospace and Defense Stocks […]",https://finnhub.io/api/news?id=b9de550a0162f74886a48d49e27002ee747fc6d2ddc1f3ddd721aeb6942b22c2
company,1707743473,"Is Now An Opportune Moment To Examine Axon Enterprise, Inc. (NASDAQ:AXON)?",125806962,https://media.zenfs.com/en/simply_wall_st__316/4a39ac79965dbdc4c586d12ea5141f62,AXON,Yahoo,"Let's talk about the popular Axon Enterprise, Inc. ( NASDAQ:AXON ). The company's shares received a lot of attention...",https://finnhub.io/api/news?id=9ef13ff1dd486dcf6b048e6b63595347972e0e14bdd51e5e80246a4c4993630c
company,1707858060,"Axon to Release Fourth Quarter 2023 Earnings on February 27, 2024",125854748,https://media.zenfs.com/en/prnewswire.com/4422eb9804719b67fd843f655797624c,AXON,Yahoo,"Axon (Nasdaq: AXON), the global public safety technology leader, today announced that it will report fourth quarter 2023 financial results after the market closes on Tuesday, February 27, 2024. Axon will host a live Zoom video webinar to discuss the company's financial results at 5 p.m. ET that same day.",https://finnhub.io/api/news?id=8f4a70173250e058ac0445ba5e4320758629d6b3c49522f136ea7ba7f995addd
company,1707997260,"Nvidia is expected to be the best performer in the S&P 500 through 2025, by this measure",125917789,https://images.mktw.net/im-98068874/social,AXON,MarketWatch,Next Wednesday’s earnings report could be another catalyst as Nvidia continues to dominate the AI hardware build-out.,https://finnhub.io/api/news?id=d827494c4a56ceb1573153a7c77f576653a24695cb8a7484fd839df672836277
company,1708005605,"Here is What to Know Beyond Why Axon Enterprise, Inc (AXON) is a Trending Stock",125916913,https://media.zenfs.com/en/zacks.com/1a018a29aef5adbf5b4319f32058e209,AXON,Yahoo,"Zacks.com users have recently been watching Axon (AXON) quite a bit. Thus, it is worth knowing the facts that could determine the stock's prospects.",https://finnhub.io/api/news?id=965a40a3e16d16e935dc4fc41d7a0e69f17f87d0cc59bc3a85ea5220b40299e5
company,1708172820,Expanding Horizons: Axon Enterprise’s Strategic Move into the Enterprise Market,125954937,,AXON,TipRanks,Looking for stock market analysis and research with proves results? Zacks.com offers in-depth financial research with over 30years of proven results.,https://finnhub.io/api/news?id=b2c30ed01481e660812fc3887a7b3786f7216ce3b55e01b6c0c407059173ef3f
company,1708304580,Trump Triumph: 7 Stocks to Buy if Republicans Win the Election in 2024,125980823,,AXON,InvestorPlace,Looking for stock market analysis and research with proves results? Zacks.com offers in-depth financial research with over 30years of proven results.,https://finnhub.io/api/news?id=3adddf121f94d344d45e003b3f0c4d520f23bb3674bb754fb761d675b988639d
company,1708469417,Axon Enterprise (AXON) Sees a More Significant Dip Than Broader Market: Some Facts to Know,126008262,https://media.zenfs.com/en/zacks.com/1a018a29aef5adbf5b4319f32058e209,AXON,Yahoo,"Axon Enterprise (AXON) concluded the recent trading session at $267.70, signifying a -0.78% move from its prior day's close.",https://finnhub.io/api/news?id=a079c0c9fe67e260d8ba6a275eebeca933d4bb98a246bf34cdb7cfd523dad634
company,1708581720,"Axon price target raised by $40 at Baird, here's why",126054808,,AXON,Thefly.com,Looking for stock market analysis and research with proves results? Zacks.com offers in-depth financial research with over 30years of proven results.,https://finnhub.io/api/news?id=ce6e5f06517d38cabe5ada6fbb6a343eeed67ebffe9c307280f31d175ba88eb3
company,1708699080,AXON Gears Up to Report Q4 Earnings: What's in the Cards?,126084774,https://media.zenfs.com/en/zacks.com/5b7da1bf511604b75d7c8a64acb508f4,AXON,Yahoo,"AXON's fourth-quarter 2023 results are expected to benefit from strong demand for TASER devices and higher cartridge revenues, partly offset by cost inflation.",https://finnhub.io/api/news?id=b63a2d9d0b31867b3b0715a34db5963972646bf2dfb93f817e19f8f47bcd7223
company,1708654320,Analysts Offer Insights on Industrial Goods Companies: AZEK Company (AZEK) and Axon Enterprise (AXON),126094535,,AXON,TipRanks,Looking for stock market analysis and research with proves results? Zacks.com offers in-depth financial research with over 30years of proven results.,https://finnhub.io/api/news?id=a1620fe0717e19a6559914dc157a1ff89ae6a90de7a2f9f04a55180aab88aa89
company,1708922220,Notable earnings after Tuesday's close,126148531,,AXON,Seeking Alpha,Looking for stock market analysis and research with proves results? Zacks.com offers in-depth financial research with over 30years of proven results.,https://finnhub.io/api/news?id=6feca9364d489136ddd7fe46d7caa3aef05e027dfbd2963f22e24db423ced71d
company,1708922220,Axon Enterprise Q4 2023 Earnings Preview,126213667,,AXON,Seeking Alpha,Looking for stock market analysis and research with proves results? Zacks.com offers in-depth financial research with over 30years of proven results.,https://finnhub.io/api/news?id=63862f0b7e11bf1034cd41c06be0b9de5e9c2edd60ee1880cc5301ae12c53690
company,1709074809,Here's What Key Metrics Tell Us About Axon (AXON) Q4 Earnings,126173739,https://media.zenfs.com/en/zacks.com/46ebfcbff417ac1bbde85ad33fa0d4be,AXON,Yahoo,"The headline numbers for Axon (AXON) give insight into how the company performed in the quarter ended December 2023, but it may be worthwhile to compare some of its key metrics to Wall Street estimates and the year-ago actuals.",https://finnhub.io/api/news?id=f1f7ab76181ad02597dc25521f8599414702e0ffbaa660422445ea3be7618994
company,1709071377,Taser maker Axon forecasts full-year revenue above estimates,126173740,https://media.zenfs.com/en/reuters.com/540eb67aa7365d39780bd3398d92c28c,AXON,Yahoo,"Axon's shares were up 6.7% in extended trading.  Axon Cloud software was the primary driver of growth in the quarter, the company said.  ""Ramping shipments of Taser 10 and Axon Body 4 also supported our growth as demand for both new products continues to build,"" the company said.",https://finnhub.io/api/news?id=08d2067b11225a35b86e98ad33baaebf9c21fd89b8855ebddd491c3496a293dc
company,1709070163,Axon Enterprise Inc (AXON) Reports Strong Revenue Growth and Expanding Margins in 2023,126173741,https://s.yimg.com/ny/api/res/1.2/7CI9WBlpPi9Hf2CWw8rHnA--/YXBwaWQ9aGlnaGxhbmRlcjt3PTEyMDA7aD01Mzg-/https://media.zenfs.com/en/us.finance.gurufocus/741d0aea85305a38802c1f5507c2e79b,AXON,Yahoo,AXON's Full-Year Revenue Surges 31% to $1.56 Billion with Net Income Margin at 11%,https://finnhub.io/api/news?id=c9df5d7aa81b78dfae95b9ae698280a6161ff1dceef97f5728c07ba17536b4d4
company,1709068263,"Axon Enterprise, Inc. (AXON) Q4 2023 Earnings Call Transcript",126173319,https://static.seekingalpha.com/assets/og_image_1200-29b2bfe1a595477db6826bd2126c63ac2091efb7ec76347a8e7f81ba17e3de6c.png,AXON,SeekingAlpha,"Axon Enterprise, Inc. (NASDAQ:NASDAQ:AXON) Q4 2023 Earnings Call Transcript February 27, 2024 5:00 PM ETCompany ParticipantsErik Lapinski - Director of...",https://finnhub.io/api/news?id=6f61cb52a07d8ec8e1d0b82bf85abc73f89110c6a96266f103e1633cac35d957
company,1709067660,Axon 2023 Revenue Grows 31% to $1.56 Billion,126173742,https://media.zenfs.com/en/prnewswire.com/558a89f5d276ac55d927636c3de417cc,AXON,Yahoo,Axon Cloud and Services revenue grows 52% to $561 million,https://finnhub.io/api/news?id=65b0d2bd084a64621feaaaa5644ae314b831412a7094499b7c9a448501cae905
company,1709050386,Axon: Q4 Earnings Snapshot,126171628,,AXON,Finnhub,"SCOTTSDALE, Ariz. — SCOTTSDALE, Ariz. — Axon Enterprise Inc. on Tuesday reported fourth-quarter earnings of $57.3 million. The Scottsdale, Arizona-based company said it had net income of...",https://finnhub.io/api/news?id=05411f9b333a323e1675e9c4cbe8cf72255bde4323e44fbcb85cb103a006b2e0
company,1709020560,Strong EBITDA and Revenue Growth Propel Axon Enterprise to a Buy Rating,126213656,,AXON,TipRanks,Looking for stock market analysis and research with proves results? Zacks.com offers in-depth financial research with over 30years of proven results.,https://finnhub.io/api/news?id=5b2d48ba8428025f03707afab42986772bcfeca33c96718eb97c5b6579bb50fc
company,1709012100,Fly Intel: After-Hours Movers,126198224,,AXON,Thefly.com,Looking for stock market analysis and research with proves results? Zacks.com offers in-depth financial research with over 30years of proven results.,https://finnhub.io/api/news?id=77e3472ae41b4199bc829de837f576619c837dda055a35fb1f44f955e8c3beab
company,1709006640,"Earnings Scheduled For February 27, 2024",126165914,,AXON,Benzinga,Looking for stock market analysis and research with proves results? Zacks.com offers in-depth financial research with over 30years of proven results.,https://finnhub.io/api/news?id=abdbcc8662732befcbeef0352236833dcb8d246668a2e65a873ddfc979757147
company,1709004960,12 Industrials Stocks Moving In Tuesday's After-Market Session,126200666,,AXON,Benzinga,Looking for stock market analysis and research with proves results? Zacks.com offers in-depth financial research with over 30years of proven results.,https://finnhub.io/api/news?id=ce349d93ab9d850d40b92e584f8261226dc0c90a16fd74fdda7d1ac8a24af37d
company,1709003100,Axon provides long-term outlook,126213661,,AXON,Thefly.com,Looking for stock market analysis and research with proves results? Zacks.com offers in-depth financial research with over 30years of proven results.,https://finnhub.io/api/news?id=e0c6d32b12f0140ef4ca3c6067781af2ed09cbd8ad6645a18a80c5f3368961ed
company,1709003040,"Axon sees FY24 revenue $1.88B-$1.94B, consensus $1.88B",126213662,,AXON,Thefly.com,Looking for stock market analysis and research with proves results? Zacks.com offers in-depth financial research with over 30years of proven results.,https://finnhub.io/api/news?id=ab7afa648716fe55652de00d4470e624a0ed497f7db4add82b7b6fde7ec2ad5f
company,1709002920,"Axon reports Q4 adjusted EPS $1.12, consensus 85c",126213664,,AXON,Thefly.com,Looking for stock market analysis and research with proves results? Zacks.com offers in-depth financial research with over 30years of proven results.,https://finnhub.io/api/news?id=32008a09e969a24246f8549adaf30d8ce7eb1dbe85ba23842539a0d3de05d87b
company,1709001240,"$1000 Invested In This Stock 5 Years Ago Would Be Worth $5,000 Today",126213666,,AXON,Benzinga,Looking for stock market analysis and research with proves results? Zacks.com offers in-depth financial research with over 30years of proven results.,https://finnhub.io/api/news?id=c4937e95c21c24d5e4f75084b9902d58de136028d60b919a56e1782281fe2e08
company,1709154717,Axon Stock Soars To New High After Taser Maker's Robust Guidance,126188556,https://media.zenfs.com/en/ibd.com/f26bfc7d1f0859ccf8f1360c5f102d29,AXON,Yahoo,Several analysts raised price targets on Axon stock after the Taser maker's earnings beat-and-raise report.,https://finnhub.io/api/news?id=0155da47aa515454467a057b16978e73ec50c8c0eed98d42bb26f608017a3ee8
company,1709149020,Taser Maker Axon Is Top Stock in S&P 500 Today. Here’s Why.,126188558,https://s.yimg.com/ny/api/res/1.2/xs8kLFZLpWQDneUHvn9tpg--/YXBwaWQ9aGlnaGxhbmRlcjt3PTEyMDA7aD02MDA-/https://media.zenfs.com/en/Barrons.com/8171444adeda67bb4679aeeef4dcc247,AXON,Yahoo,"Shares of  Axon Enterprise  were trading sharply higher after the taser maker beat quarterly earnings estimates and issued a strong forecast.  Axon  stock soared 15% to $311.87 in recent trading Wednesday.  The shares were on track for their largest one-day increase since June 1, 2020, when they gained 18% according to Dow Jones Market Data.",https://finnhub.io/api/news?id=5e5e53813581cdddaa9b2df76e373c521c886592ecec87f6e9052b8cf10c6ed4
company,1709146800,"Axon's Insane Growth Continues, and the Stock Jumps 10%",126188560,https://g.foolcdn.com/editorial/images/767217/axon-body-3-1.png,AXON,Yahoo,"Axon continues to grow at an incredible rate, and it doesn't look like it's stopping anytime soon.",https://finnhub.io/api/news?id=8d29fe1d78e7fefcb92d118d67ad76033257f92309f192d9efb74090dd54dc25
company,1709134554,Q4 2023 Axon Enterprise Inc Earnings Call,126188562,,AXON,Yahoo,Q4 2023 Axon Enterprise Inc Earnings Call,https://finnhub.io/api/news?id=07bc1d9b72fb917095e94c763e8607c6483ba496ab65210572575705d9f6b9da
company,1709124600,"Boston Beer, Urban Outfitters fall, Alcon, Axon Enterprise rise, Wednesday, 2/28/2024",126202868,,AXON,"Associated Press, The",Looking for stock market analysis and research with proves results? Zacks.com offers in-depth financial research with over 30years of proven results.,https://finnhub.io/api/news?id=1499e1e847ad76b551b5d5ab4c8b517260370e43f6b96814a6a555e5b0fa3373
company,1709124240,"Video: Wednesday's ETF Movers: ITA, CQQQ",126213637,,AXON,Market News Video,Looking for stock market analysis and research with proves results? Zacks.com offers in-depth financial research with over 30years of proven results.,https://finnhub.io/api/news?id=6540b4c55180d07cf509182842802a6684864e9d42704963921d470082f99f52
company,1709121960,JMP Securities Reaffirms Their Buy Rating on Axon Enterprise (AXON),126213638,,AXON,TipRanks,Looking for stock market analysis and research with proves results? Zacks.com offers in-depth financial research with over 30years of proven results.,https://finnhub.io/api/news?id=ab9c58ba011e36831dd99b3e8930e8affbdb1d69628a298c4d44d17f7e40c35a
company,1709117520,Axon Enterprise (AXON) Q4 Earnings & Revenues Top Estimates,126188564,https://media.zenfs.com/en/zacks.com/70aedda113905f6ce7ce17374f908cf4,AXON,Yahoo,"Axon Enterprise's (AXON) Q4 revenues increase 28.6% year over year, driven by impressive performance of its Software & Sensors and TASER segments.",https://finnhub.io/api/news?id=6ed74a8838d7841603481c0bfc175df2f21b4a600c455f8fc7bb6192bdc86615
company,1709110800,What Data Dependency Could Mean For The Fed's Economic Projections?,126213639,,AXON,TalkMarkets,Looking for stock market analysis and research with proves results? Zacks.com offers in-depth financial research with over 30years of proven results.,https://finnhub.io/api/news?id=96a31e145cd465134fde7310aadf798caf5a95a93d065dfd995009affe6057d1
company,1709110500,Early notable gainers among liquid option names on February 28th,126202869,,AXON,Thefly.com,Looking for stock market analysis and research with proves results? Zacks.com offers in-depth financial research with over 30years of proven results.,https://finnhub.io/api/news?id=98bf1946600f9f611afbf99ccdd0dab8eefa1a21e80c32a47579e964139d9e05
company,1709109420,"Axon Enterprise Non-GAAP EPS of $1.12 beats by $0.27, revenue of $432M beats by $11.05M",126213641,,AXON,Seeking Alpha,Looking for stock market analysis and research with proves results? Zacks.com offers in-depth financial research with over 30years of proven results.,https://finnhub.io/api/news?id=9e43e3b16acd9bfe305fff99916dfde4a5c26a5414f34ac5cfeee90b1834683c
company,1709107320,"Analysts Are Bullish on These Industrial Goods Stocks: Performant Financial (PFMT), Axon Enterprise (AXON)",126213642,,AXON,TipRanks,Looking for stock market analysis and research with proves results? Zacks.com offers in-depth financial research with over 30years of proven results.,https://finnhub.io/api/news?id=06783e9bac5d12b3b4749f2c61c1f0ba03a6bb1a2d3dd88f3119de28ac03febb
company,1709107080,"Axon price target raised by $75 at Craig-Hallum, here's why",126213643,,AXON,Thefly.com,Looking for stock market analysis and research with proves results? Zacks.com offers in-depth financial research with over 30years of proven results.,https://finnhub.io/api/news?id=a89be8d2d8ba6ba9a18ddbe2a788e09f2c55dff5ef2f1b9865cf28f511e47925
company,1709105880,"Axon price target raised by $65 at Northland, here's why",126213644,,AXON,Thefly.com,Looking for stock market analysis and research with proves results? Zacks.com offers in-depth financial research with over 30years of proven results.,https://finnhub.io/api/news?id=bbab53872b7c1bdbce535bc203257fddf3f680a8144f25ee90e6a125f8be73a5
company,1709104320,ICU Medical To Rally Around 28%? Here Are 10 Top Analyst Forecasts For Wednesday,126199809,,AXON,Benzinga,Looking for stock market analysis and research with proves results? Zacks.com offers in-depth financial research with over 30years of proven results.,https://finnhub.io/api/news?id=b041c97796e1cceb95815f80e3f0cd42f511c463551a842404ae224b20f5238d
company,1709102760,"Axon price target raised by $75 at Needham, here's why",126213646,,AXON,Thefly.com,Looking for stock market analysis and research with proves results? Zacks.com offers in-depth financial research with over 30years of proven results.,https://finnhub.io/api/news?id=5a820b765cacdb8db57f053746816fda11baf1f7e4a2107e8bf1b2afb946ac06
company,1709101380,"Analysts Offer Insights on Industrial Goods Companies: Axon Enterprise (AXON), Republic Services (RSG) and HEICO (HEI)",126213647,,AXON,TipRanks,Looking for stock market analysis and research with proves results? Zacks.com offers in-depth financial research with over 30years of proven results.,https://finnhub.io/api/news?id=02694fc022b14855db9fe7287398758f8c7ea3e6cae566654c68fd57163ffe79
company,1709100720,"Axon jumps to all-time highs after easy Q4 earnings beat, strong full-year forecast",126213648,,AXON,Seeking Alpha,Looking for stock market analysis and research with proves results? Zacks.com offers in-depth financial research with over 30years of proven results.,https://finnhub.io/api/news?id=f799a811dfaa5a41df92ffddf16b1353942100d6937306aba98233500291dcc7
company,1709100360,"Axon price target raised by $10 at Baird, here's why",126213649,,AXON,Thefly.com,Looking for stock market analysis and research with proves results? Zacks.com offers in-depth financial research with over 30years of proven results.,https://finnhub.io/api/news?id=add19585c974782a39c9449ef23f2170a12a36bdc6b0cdb1fe9200cb54dc96ea
company,1709089020,Stock market today: Asian shares are mixed after Wall Street slips lower and bitcoin bounces higher,126202881,,AXON,"Associated Press, The",Looking for stock market analysis and research with proves results? Zacks.com offers in-depth financial research with over 30years of proven results.,https://finnhub.io/api/news?id=70c50c0bb9f1a2dbc996348e174dd4a0452a7fe071125869da4f8fcf52b4764c
company,1709082720,"Stocks Fall Ahead Of Fed's Inflation Data, UnitedHealth Sinks, Bitcoin Tops $61,000: What's Driving Markets Wednesday?",126199719,,AXON,Benzinga,Looking for stock market analysis and research with proves results? Zacks.com offers in-depth financial research with over 30years of proven results.,https://finnhub.io/api/news?id=3554a7e9ea99c7065dd2d0b908ea1a4c27c5297cb21784b80fa458c14f1d8720
company,1709235135,Why Axon Enterprise Charged Higher This Week,126206038,https://g.foolcdn.com/editorial/images/767507/axon-body-camera-source-axon.jpeg,AXON,Yahoo,The company continues to post impressive revenue growth.,https://finnhub.io/api/news?id=41176a75f47135a4a558cb924d638bee803703a85912ad66aa78cd886703e453
company,1709214936,"Axon Enterprise, Inc. (NASDAQ:AXON) Q4 2023 Earnings Call Transcript",126206040,https://s.yimg.com/ny/api/res/1.2/BlUJJJZjlmRsiAJZU91hUA--/YXBwaWQ9aGlnaGxhbmRlcjt3PTEyMDA7aD02NzM-/https://media.zenfs.com/en/insidermonkey.com/ca79f2be4f11bda7110fa86980186c6e,AXON,Yahoo,"Axon Enterprise, Inc. (NASDAQ:AXON) Q4 2023 Earnings Call Transcript February 27, 2024 Axon Enterprise, Inc. isn’t one of the 30 most popular stocks among hedge funds at the end of the third quarter (see the details here). Erik Lapinski: All right. Hello, everyone. Thank you for joining Axon’s executive team today. I hope you’ve all […]",https://finnhub.io/api/news?id=29f1251535688d526c40f835b81a27c5022318382040ed8520ba3de1472d35de
company,1709208120,"A New Cause for Concern: Axon Enterprise, Inc. Adds a New Share Price & Shareholder Rights Risk",126213633,,AXON,TipRanks,Looking for stock market analysis and research with proves results? Zacks.com offers in-depth financial research with over 30years of proven results.,https://finnhub.io/api/news?id=9ea430592f447ecc6a127e4d2949bb6cdd37deff7bcbf577ff004f8016e8c834
company,1709185140,The Best And Worst Performing Stocks Of February 2024,126212683,,AXON,TalkMarkets,Looking for stock market analysis and research with proves results? Zacks.com offers in-depth financial research with over 30years of proven results.,https://finnhub.io/api/news?id=74f060a964a08414c2dc4b0b66d245dd8c73ab448d637cd1da189c6853847cfd
company,1709182440,"Axon price target raised by $12 at Barclays, here's why",126213635,,AXON,Thefly.com,Looking for stock market analysis and research with proves results? Zacks.com offers in-depth financial research with over 30years of proven results.,https://finnhub.io/api/news?id=75f968be4adf87f0487910c626348c3aff0b71d3c84d6bec353ce969ad125519
company,1709308620,Axon Enterprise (AXON) Gains From Business Strength Amid Risks,126259047,https://media.zenfs.com/en/zacks.com/026a08802cd984229bb03e0aefeb2972,AXON,Yahoo,"Axon Enterprise (AXON) gains from solid momentum in its businesses and robust product offerings. However, rising operating expenses remain concerns.",https://finnhub.io/api/news?id=ba9f8cd222fa195c095ad3e6c20683b24a294a5d09c2f8ea5659b650227bda08
company,1709293044,"Axon Enterprise, Inc. Beat Analyst Estimates: See What The Consensus Is Forecasting For This Year",126265238,,AXON,Yahoo,"It's been a pretty great week for Axon Enterprise, Inc. ( NASDAQ:AXON ) shareholders, with its shares surging 13% to...",https://finnhub.io/api/news?id=8dedb2a067b2a3519056349ca67e61859fa56c9c761db8120392db04049f7303
company,1709283600,Axon files automatic mixed securities shelf,126249035,,AXON,Seeking Alpha,Looking for stock market analysis and research with proves results? Zacks.com offers in-depth financial research with over 30years of proven results.,https://finnhub.io/api/news?id=91298b618fc26cd56a760a70e11265041ba08be9fb8ee468f42157bda5a4c795
company,1709379600,"Plug Power surges to top industrial gainer of week, First Advantage sees loser tag",126279132,,AXON,Seeking Alpha,Looking for stock market analysis and research with proves results? Zacks.com offers in-depth financial research with over 30years of proven results.,https://finnhub.io/api/news?id=1c89da44f5e6e2445f9d9a50b8f240e875df1b4b548680c01a149021096a60df
company,1709357817,Wall Street Breakfast: What Moved Markets,126267103,https://static.seekingalpha.com/uploads/2021/8/14/saupload_Stock_market_-_generic_9.jpg,AXON,SeekingAlpha,"Stocks rise to record highs, tech stocks rally on AI enthusiasm; Apple cancels electric vehicle initiative; Russia-Ukraine tensions escalate; Beyond Meat...",https://finnhub.io/api/news?id=3aed3ee687c7854476db07979a34141b2e37735c48701b386dc787396be8b6d2
company,1709586793,Axon Enterprise: Flywheel Continues To Deliver Strong Results,126318198,https://static.seekingalpha.com/cdn/s3/uploads/getty_images/1531177611/image_1531177611.jpg?io=getty-c-w1536,AXON,SeekingAlpha,Axon's Q4 results show impressive revenue growth and expanded income margins. Demand for all Axon products remain strong. See why AXON is buy rated.,https://finnhub.io/api/news?id=747888b728bdd2bfa68a619e785d65bc757fab7d15bc45338cb54091e70250fb
company,1709649007,Why This 1 Industrial Products Stock Could Be a Great Addition to Your Portfolio,126330286,,AXON,Yahoo,"Finding strong, market-beating stocks with a positive earnings outlook becomes easier with the Focus List, a top feature of the Zacks Premium portfolio service.",https://finnhub.io/api/news?id=12445a52f1db5c99670e8cc881d73b82a4b4c7d1fcb3d7d30e34f775b4aae13f
company,1709647211,"Investors Heavily Search Axon Enterprise, Inc (AXON): Here is What You Need to Know",126330287,,AXON,Yahoo,"Axon (AXON) has received quite a bit of attention from Zacks.com users lately. Therefore, it is wise to be aware of the facts that can impact the stock's prospects.",https://finnhub.io/api/news?id=da3c50270b5feba787363a18aa0b47fca21c3d1a163c4ff8d2d9e395493fc92f
company,1709610780,Axon Enterprise Announces Board Member Resignation,126359901,,AXON,TipRanks,Looking for stock market analysis and research with proves results? Zacks.com offers in-depth financial research with over 30years of proven results.,https://finnhub.io/api/news?id=2e26984b96c9d62d569bb373fcfa6612e013397fc3a94ba1f70f819cc8c64648
company,1709724000,Looking At Axon Enterprise's Recent Unusual Options Activity,126368823,,AXON,Benzinga,Looking for stock market analysis and research with proves results? Zacks.com offers in-depth financial research with over 30years of proven results.,https://finnhub.io/api/news?id=28bb32d85243d7665dc63e27da0c3cd2a85f1bab24d85150eabd57595404e4de
company,1709811960,About half of S&P 500's industrial stocks hit record highs in 2024 — report,126380130,,AXON,Seeking Alpha,Looking for stock market analysis and research with proves results? Zacks.com offers in-depth financial research with over 30years of proven results.,https://finnhub.io/api/news?id=5d37b86a774484d8e60ce070eb6846dd8720363a4840a15ae656b6555c265ce2
company,1710072240,Goldman's top 25 stock picking opportunities,126426424,,AXON,Seeking Alpha,Looking for stock market analysis and research with proves results? Zacks.com offers in-depth financial research with over 30years of proven results.,https://finnhub.io/api/news?id=6b2aa0a2b0e5da7daff23eb8f12a7f788802eb3fdf649c77a1e3169b791ca511
company,1710159240,"Palo Alto, Axon Enterprise and Uber are the top share diluters of 2023 - Citi",126436112,,AXON,Seeking Alpha,Looking for stock market analysis and research with proves results? Zacks.com offers in-depth financial research with over 30years of proven results.,https://finnhub.io/api/news?id=4fb34109dec1503310ebdca8e045673f02769dba1aaa7be850c731d376bac3bc
company,1710246900,Here's How Much You Would Have Made Owning Axon Enterprise Stock In The Last 5 Years,126488784,,AXON,Benzinga,Looking for stock market analysis and research with proves results? Zacks.com offers in-depth financial research with over 30years of proven results.,https://finnhub.io/api/news?id=8df8347b4be3756be8290b3a253c18ca475cfd1484dac4b5113206adb898f704
company,1710229740,Biden seeks $895 billion for defense spending amid global conflicts,126452739,,AXON,Seeking Alpha,Looking for stock market analysis and research with proves results? Zacks.com offers in-depth financial research with over 30years of proven results.,https://finnhub.io/api/news?id=762a5dde4dc116ba50873acb373bc60bc706779ecf407cce314041e882f77055
company,1710209520,High conviction stocks with U.S. productivity opportunities due to AI - MS,126457673,,AXON,Seeking Alpha,Looking for stock market analysis and research with proves results? Zacks.com offers in-depth financial research with over 30years of proven results.,https://finnhub.io/api/news?id=564c54846f4f13c0ccab0605f38b037449346d61da2b813551734d345e251459
company,1710319680,"Tesla downgraded, Southwest upgraded: Wall Street's top analyst calls",126476707,,AXON,Thefly.com,Looking for stock market analysis and research with proves results? Zacks.com offers in-depth financial research with over 30years of proven results.,https://finnhub.io/api/news?id=52ec2c128bb67e845ff6081fc428d32034986f161c90d7890068b1428c2f399b
company,1710313980,"Argus starts Axon at Buy on strong demand, robust earnings prospects",126488782,,AXON,Thefly.com,Looking for stock market analysis and research with proves results? Zacks.com offers in-depth financial research with over 30years of proven results.,https://finnhub.io/api/news?id=78e5c0916c12a83cc79fb5144900fca258a48e306aecc71293ec739f9ece3ead
company,1710311220,Axon initiated with bullish view at Argus,126488783,,AXON,Thefly.com,Looking for stock market analysis and research with proves results? Zacks.com offers in-depth financial research with over 30years of proven results.,https://finnhub.io/api/news?id=a4d786d73dd4dbe0ecf9302d40c84922678e5361d32664f369fc7cf8df511314
company,1710388920,"Analysts’ Opinions Are Mixed on These Industrial Goods Stocks: Southwest Airlines (LUV), Axon Enterprise (AXON) and Boeing (BA)",126499026,,AXON,TipRanks,Looking for stock market analysis and research with proves results? Zacks.com offers in-depth financial research with over 30years of proven results.,https://finnhub.io/api/news?id=271100604b4e7f6e3ffb4bfbe0433f2b187ba4a5eb671905cc80c937831f03be
company,1710505920,"Axon Enterprise (AXON): Strong Industry, Solid Earnings Estimate Revisions",126519074,,AXON,Yahoo,"Axon Enterprise (AXON) has seen solid earnings estimate revision activity over the past month, and belongs to a strong industry as well.",https://finnhub.io/api/news?id=34dcf64a7bf0647c6e894c41b82f3cef2279c13a6b52e8f5f4eb85cefe5f065f
company,1710503306,Those who invested in Axon Enterprise (NASDAQ:AXON) five years ago are up 462%,126519075,https://media.zenfs.com/en/simply_wall_st__316/4a39ac79965dbdc4c586d12ea5141f62,AXON,Yahoo,Long term investing can be life changing when you buy and hold the truly great businesses. And we've seen some truly...,https://finnhub.io/api/news?id=0fe29f53a6571ff08b3209be8c1b3c536314d1e9b9bc82b43284412b7c87c11e
company,1710768607,New to Investing? This 1 Industrial Products Stock Could Be the Perfect Starting Point,126556495,https://media.zenfs.com/en/zacks.com/2a50596f066181e48e4ae0ad6be00462,AXON,Yahoo,"Finding strong, market-beating stocks with a positive earnings outlook becomes easier with the Focus List, a top feature of the Zacks Premium portfolio service.",https://finnhub.io/api/news?id=287e484fa948f450797f9411b14999a6a035d81e5c8167c6e83a53cecee83d10
company,1710972018,Axon Enterprise (AXON) Increases Yet Falls Behind Market: What Investors Need to Know,126611819,https://media.zenfs.com/en/zacks.com/2f0d6efdd8740952a371c97ddea6e926,AXON,Yahoo,"Axon Enterprise (AXON) closed at $314.28 in the latest trading session, marking a +0.69% move from the prior day.",https://finnhub.io/api/news?id=3bfaba3ac24af2f34d2bfd870052a507090969ce50f6cd2b07f645819be557de
company,1711144220,Axon Enterprise (AXON) Gains As Market Dips: What You Should Know,126649893,https://media.zenfs.com/en/zacks.com/090f58c1efbe3555b861102525e50b39,AXON,Yahoo,"The latest trading day saw Axon Enterprise (AXON) settling at $316.36, representing a +0.09% change from its previous close.",https://finnhub.io/api/news?id=5794cc384fd14acae89fd44d75ba423d6ba2ad05cb1762310ee8477f66eb6281
company,1711251420,3 Promising Small-Cap Stocks Packing a Powerful Punch,126672816,,AXON,InvestorPlace,Looking for stock market analysis and research with proves results? Zacks.com offers in-depth financial research with over 30years of proven results.,https://finnhub.io/api/news?id=52972f3d13dc72f1cf61f1ddba675653fbd2138c08c66764c47112bcf2efbcf6
company,1711438200,Beyond The TASER: How Axon Is Revolutionizing Public Safety (And Your Portfolio),126686471,https://static.seekingalpha.com/cdn/s3/uploads/getty_images/1531177611/image_1531177611.jpg?io=getty-c-w1536,AXON,SeekingAlpha,"Axon is expanding its technology platform, bringing new TASERs to market, and benefiting from the need to modernize law enforcement. Check out why I'm bullish on AXON stock.",https://finnhub.io/api/news?id=9e2aa63497990c001d91bdab762eb696f5840d722767089a1d53b05c252991b3
company,1711422775,20 Largest Police Departments in the US,126682527,,AXON,Yahoo,"In this article, we take a look at the 20 largest police departments in the US. If you would like to skip our detailed analysis of the police industry, you can directly go to the 5 Largest Police Departments in the US. Police Numbers in the US According to a 2018 report by the Bureau […]",https://finnhub.io/api/news?id=9fe404eb74df29759db4dfa848d4b348aada5e9ffb86dded8c9992a8250d35a1
company,1711420914,20 Universities with the Largest Police Departments in the US,126683915,https://media.zenfs.com/en/insidermonkey.com/b23aaf50e3e39db55c8a92fcc9b24bac,AXON,Yahoo,"In this article, we take a look at the 20 universities with the largest police departments in the US. If you would like to skip our detailed analysis of university police, you can directly go to the 5 Universities with the Largest Police Departments in the US. Campus Police – An Overview According to a […]",https://finnhub.io/api/news?id=31b26e6dcfabff13aa95394066e35119a6b5bfdbc707f7b3472f6ccf4395c0a9
company,1711544783,25 US States with the Highest Number of Police Officers Per Capita,126719974,,AXON,Yahoo,"In this article, we take a look at the 25 US states with the highest number of police officers per capita. If you would like to skip our detailed analysis of the police industry, you can directly go to the 5 States with the Highest Number of Police Officers Per Capita. Police in Numbers – […]",https://finnhub.io/api/news?id=984638917745af5b6663dc48d8119fcceea0d4f9e5f690ba2eb691a44043f3a8
company,1711630200,"CCL, SPB, RARE, and VRSK are new additions to GS’ Long Duration Basket",126733517,,AXON,Seeking Alpha,Looking for stock market analysis and research with proves results? Zacks.com offers in-depth financial research with over 30years of proven results.,https://finnhub.io/api/news?id=18e546786da95021500e9ca5a98d983ce71247964233bd29bbf1ab6cc537605e
company,1711718089,"Axon Enterprise, Inc. (NASDAQ:AXON) is largely controlled by institutional shareholders who own 80% of the company",126752884,https://media.zenfs.com/en/simply_wall_st__316/4a39ac79965dbdc4c586d12ea5141f62,AXON,Yahoo,Key Insights Significantly high institutional ownership implies Axon Enterprise's stock price is sensitive to their...,https://finnhub.io/api/news?id=fab5431e36234389871a000fbcb8424434d48180bfa4060c64a3bcc5772ca07e
company,1711685160,"If You Invested $100 In This Stock 5 Years Ago, You Would Have $600 Today",126763543,,AXON,Benzinga,Looking for stock market analysis and research with proves results? Zacks.com offers in-depth financial research with over 30years of proven results.,https://finnhub.io/api/news?id=c0b147638c2af94c2b313051cbb67e8bec09fb99d37481f3c153c8127d9ff8d5
